title;artist;weight
Ironic;Alanis Morisette;4
I'm a Believer;Smash Mouth;4
Come Together;The Beatles;3
Spooky;Atlanta Rhythm Section;2
Money For Nothing;Dire Straits;5
All Right Now;Free;3
Walking By Myself;Gary Moore;2
When You're Gone;Bryan Adams, Mel C;4
Highway to Hell;ACDC;5
Wicked Game;HIM;4
Ex's & Oh's;Elle King;5
Shallow;Lady Gaga;4


I Put A Spell On You;Annie Lennox;1
Can't Get Enough;Bad Company;3
Nutbush City Limits;Beth & Joe;2
Beast Of Burden;Bette Midler;3
Waiting for the Thunder;Blackberry Smoke;1
Don't Stop;Fleetwood Mac;2
Take Me Out;Franz Ferdinand;1
Alone;Heart;1
Are You Gonna Be My Girl;Jet;1
Don't Stop Believin';Journey;3
Born To Be Wild;Krokus;1
Are You Gonna Go My Way;Lenny Kravitz;3
Mighty Quinn;Manfred Mann's Earth Band;3
Tie Your Mother Down;Queen;3
Born To Be Wild;Steppenwolf;3
Valerie;Teddy Swims;1
Get Back;The Beatles;1
Something;The Beatles;1
Mustang Sally;The Commitments;2
Brown Sugar;The Rolling Stones;3
Honky Tonk Women;The Rolling Stones;1
Gimme Some Lovin;The Spencer Davis Group;3
Keep on Running;The Spencer Davis Group;2
Give Me One Reason;Tracy Chapman;4
Sometimes We Cry;Van Morrison;1
In the Midnight Hour;Wilson Pickett;1
Sharp Dressed Man;ZZ Top;2
Tush;ZZ Top;1
